ConfID,Probabilities,Predicted,Actual,tmID
0,0.6254837879644605,1,1,ATL
0,0.4819606709270987,0,0,CHI
0,0.5373099582169654,0,0,CON
0,0.6881152722252811,1,1,IND
0,0.6072738424684613,1,1,NYL
0,0.6277842900657437,1,1,WAS
1,0.9679443643661455,1,1,LAS
1,0.39701112904110597,0,0,MIN
1,0.8104677447345655,1,1,PHO
1,0.8473240159947988,1,1,SAS
1,0.9337326050687871,1,1,SEA
1,0.38777301209295684,0,0,TUL
